,replicate,t,x
0,0,0.0,420.0
1,0,336.1344537815126,427.0
2,0,672.2689075630252,421.0
3,0,1008.4033613445379,438.0
4,0,1344.5378151260504,456.0
5,0,1680.672268907563,427.0
6,0,2016.8067226890757,409.0
7,0,2352.9411764705883,417.0
8,0,2689.075630252101,416.0
9,0,3025.2100840336134,414.0
10,0,3361.344537815126,416.0
11,0,3697.4789915966385,400.0
12,0,4033.6134453781515,405.0
13,0,4369.747899159664,412.0
